equipment_id,region,asset_type,failure_risk_pct,days_to_predicted_failure,units_at_risk,unit_cost_gbp,confidence,reading_date
COMP-LON-01,London,compressor,67.8,9,2842,2.25,real,2026-08-17
FRZ-SE-02,South East,walk-in freezer,21.6,45,9531,2.05,real,2026-08-17
TRK-SE-01,South East,refrigerated truck,12.1,90,5957,2.05,real,2026-08-17
CASE-NW-01,North West,reach-in case,40.9,21,3340,1.95,grounded_estimate,2026-08-17
TRK-SCO-03,Scotland,refrigerated truck,56.7,14,6048,2.15,real,2026-08-17
COMP-SCO-01,Scotland,compressor,32.5,38,4234,2.15,real,2026-08-17
FRZ-WAL-01,Wales,walk-in freezer,18.3,60,4969,2.45,grounded_estimate,2026-08-17
CASE-WAL-02,Wales,reach-in case,61.5,7,1704,2.45,real,2026-08-17
COMP-NI-01,Northern Ireland,compressor,29.4,50,4390,2.65,placeholder,2026-08-17
